{"Train RMSE": 0.07890315186289794, "Valid RMSE": 0.07945294349423081, "Test RMSE": 0.0791731869682505}