{"Train RMSE": 0.11228551992930019, "Valid RMSE": 0.11273800444732004, "Test RMSE": 0.11232613268969496}