{"Train RMSE": 0.027684412420296012, "Valid RMSE": 0.027730047815857264, "Test RMSE": 0.027710455657439872}