{"Train RMSE": 0.014811391742391112, "Valid RMSE": 0.01491904012128914, "Test RMSE": 0.014861964696815418}